{"cameraMode":{"drawMode":0,"name":"Shaded","section":"Shading Mode"},"sceneLighting":true,"audioPlay":false,"sceneViewState":{"m_AlwaysRefresh":false,"showFog":true,"showSkybox":true,"showFlares":true,"showImageEffects":true,"showParticleSystems":true,"showVisualEffectGraphs":true,"m_FxEnabled":true},"in2DMode":false,"pivot":{"x":443.5854797363281,"y":306.0404357910156,"z":-957.0728149414063},"rotation":{"x":0.030303657054901124,"y":0.002679291181266308,"z":-0.0000808558615972288,"w":0.9995402693748474},"size":0.9457213878631592,"orthographic":false}